<?xml version="1.0" encoding="UTF-8"?>
<project-private xmlns="http://www.netbeans.org/ns/project-private/1">
    <editor-bookmarks xmlns="http://www.netbeans.org/ns/editor-bookmarks/2" lastBookmarkId="0"/>
    <open-files xmlns="http://www.netbeans.org/ns/projectui-open-files/2">
        <group>
            <file>file:/D:/joao/2°%20Ano/Desenvolvimento%20de%20Sistemas/2°%20Bimestre/Lista%206%20-feito/Atividade%20JAVA/CalculadoraInter/src/CalculadoraForm.java</file>
            <file>file:/D:/joao/2°%20Ano/Desenvolvimento%20de%20Sistemas/2°%20Bimestre/Lista%206%20-feito/Atividade%20JAVA/CalculadoraInter/src/CalculadoraPrincipal.java</file>
            <file>file:/D:/joao/2°%20Ano/Desenvolvimento%20de%20Sistemas/2°%20Bimestre/Lista%206%20-feito/Atividade%20JAVA/CalculadoraInter/src/Calculadora.java</file>
        </group>
    </open-files>
</project-private>
